title;url
DevOps инженер (сопровождение шины данных);https://adsrv.hh.ru/click?b=429052&c=5&place=35&meta=rYAkq5WK35jw7YeW8j6hYiSR_ssZ1HvpZWlKn2NmUhKe1FbC_a1GwQJu8S26jbAOYTcarzOSGDAqED20Yknwq8jLF48MsqWama29aRCk_x7gSk8608BgCR0XFmg2x02s1n5J7EVe4WF3o53-s_-efJzFtaYvQ42GY6nXYgrbX2Vx58zw2ZCwx-6hXRgk7yap2EPNSyaH3vsFdFCe-bUxeWGmQIocXAR84un6IC4yoPNp-zM0JwfVws3uZXEDiNQIooD0kEUh_H7Ai-bJHCxrtOe_TZ8boEdCnnPpC6IXTJwl48XzKFRQOw16N-A-IlibA8GXivLf_sFIHgdXY5sXj3V2XqX_0Yhjlfz79YpWwYIA-V5fJl-XrcV-UJif1x8Ko-Hbp4Fot5C0Qdl7euj42BBFKK9NBx6xtCoh4ZfBwjundxnyTkp-NlTkQ0dQOw00rVdDcefa6stnhiP6ctxNyYaHsB-pAbwVF6wGxDxNdNsJsRv9LMvu_qtVeUFRPjYGLjIOthcLL-pVTVT2a2NcRA%3D%3D&clickType=link_to_vacancy
Преподаватель в школу программирования;https://adsrv.hh.ru/click?b=495182&c=5&place=36&meta=-0PF_9SgQjGqmGxBYdI2n4uL_KfcwWmnoK1-lPCM9wYBSszlNWxvkn5D_D961IoSzHyk2X825SnnvWQbjMK2uctKbLuP0cefKB3ivPTGfhirVSMZBJynvS6AEeKoYfNlni70PLt1OtXSG71oJ9LY4JeGUKn8kMiQEMLABLZ4yWTEsA0woEy7qdjTwcl3ohPa_ykqHkrjN0dT2CukQyBtru1Ns9quxRzyMzAQwMqIiCZN0djRlXCKMpAICRFd6k7old4xk6BF9d_pks2bVyvUBWpmFHXhq70JglGjN5ZxKjlfNylqlaBg7pciDySYW2UBOk_-mLQRFRVJrftvI3eZ4hZGHUEj9hQvokP3xwa_HCvi5Bwfdxb6U5PNJGbWKqmhgfWsSe-Ru-yH0z2M5NA5hz2GmZ3AWYXvFyhhda_Xz_Q1seATWr5FQb-uIS1u3uu0YhiZYt3JNRv1NvHUbQVVhLtEahh_fu4zdsQg_rgj9bbEhG4o36HNv8uBvw47drcYn4fAF9pT8fpXpCZfT7Zbfg%3D%3D&clickType=link_to_vacancy
Разработчик Python;https://novosibirsk.hh.ru/vacancy/85045787?from=vacancy_search_list&query=python
Программист Python;https://novosibirsk.hh.ru/vacancy/84906178?from=vacancy_search_list&query=python
Преподаватель онлайн-курсов со знанием Python;https://novosibirsk.hh.ru/vacancy/85031509?from=vacancy_search_list&query=python
Рекрутер - Разработчик AI Python (Удаленно);https://novosibirsk.hh.ru/vacancy/84066861?from=vacancy_search_list&query=python
Разработчик Python Middle;https://novosibirsk.hh.ru/vacancy/83655667?from=vacancy_search_list&query=python
Junior Программист/Разработчик Python;https://novosibirsk.hh.ru/vacancy/84278383?from=vacancy_search_list&query=python
Разработчик на Python (middle);https://novosibirsk.hh.ru/vacancy/84800665?from=vacancy_search_list&query=python
Fullstack Developer/Программист Python Web;https://novosibirsk.hh.ru/vacancy/84024209?from=vacancy_search_list&query=python
Python Developer;https://novosibirsk.hh.ru/vacancy/79502930?from=vacancy_search_list&query=python
Python-разработчик (дистанционно);https://novosibirsk.hh.ru/vacancy/84909018?from=vacancy_search_list&query=python
"Инженер-наставник по направлению ""Python""";https://novosibirsk.hh.ru/vacancy/84932438?from=vacancy_search_list&query=python
Fullstack Python разработчик;https://novosibirsk.hh.ru/vacancy/84838401?from=vacancy_search_list&query=python
Middle+ Python Developer (Django);https://novosibirsk.hh.ru/vacancy/84158176?from=vacancy_search_list&query=python
Программист Python;https://novosibirsk.hh.ru/vacancy/80217484?from=vacancy_search_list&query=python
Python developer;https://novosibirsk.hh.ru/vacancy/75486835?from=vacancy_search_list&query=python
Python бэкенд разработчик;https://novosibirsk.hh.ru/vacancy/84762434?from=vacancy_search_list&query=python
Python Backend Developer;https://novosibirsk.hh.ru/vacancy/77403721?from=vacancy_search_list&query=python
Инженер по автоматизации тестирования (Python);https://novosibirsk.hh.ru/vacancy/84817889?from=vacancy_search_list&query=python
Исследователь/математик-аналитик;https://novosibirsk.hh.ru/vacancy/83925788?from=vacancy_search_list&query=python
Начинающий системный администратор (стажер);https://novosibirsk.hh.ru/vacancy/84453058?from=vacancy_search_list&query=python
DevOps инженер (Middle+);https://novosibirsk.hh.ru/vacancy/85026445?from=vacancy_search_list&query=python
Преподаватель компьютерных курсов для школьников;https://novosibirsk.hh.ru/vacancy/84417103?from=vacancy_search_list&query=python
Программист 1С (департамент программного обеспечения);https://novosibirsk.hh.ru/vacancy/82195033?from=vacancy_search_list&query=python
Программист C#;https://novosibirsk.hh.ru/vacancy/72862686?from=vacancy_search_list&query=python
DevOps инженер OnPremises;https://novosibirsk.hh.ru/vacancy/81334727?from=vacancy_search_list&query=python
Инженер развития инфраструктуры;https://novosibirsk.hh.ru/vacancy/81070811?from=vacancy_search_list&query=python
Руководитель отдела валидации и риск-расчетов;https://novosibirsk.hh.ru/vacancy/83072990?from=vacancy_search_list&query=python
Middle/Senior С++ разработчик в Mobile SDK;https://novosibirsk.hh.ru/vacancy/84271027?from=vacancy_search_list&query=python
DevOps инженер (сопровождение шины данных);https://novosibirsk.hh.ru/vacancy/75486720?from=vacancy_search_list&query=python
Руководитель группы разработки (Team Lead);https://novosibirsk.hh.ru/vacancy/78858481?from=vacancy_search_list&query=python
Старший аналитик отдела аудита;https://novosibirsk.hh.ru/vacancy/85006951?from=vacancy_search_list&query=python
Разработчик баз данных;https://novosibirsk.hh.ru/vacancy/79133851?from=vacancy_search_list&query=python
Руководитель отдела кредитных рисков;https://novosibirsk.hh.ru/vacancy/82221017?from=vacancy_search_list&query=python
Ведущий инженер SMSC;https://novosibirsk.hh.ru/vacancy/79993524?from=vacancy_search_list&query=python
Менеджер по безопасной разработке/Application Security Manager (удалённо);https://novosibirsk.hh.ru/vacancy/82733947?from=vacancy_search_list&query=python
Преподаватель в школу программирования Алгоритмика;https://novosibirsk.hh.ru/vacancy/84390162?from=vacancy_search_list&query=python
Full-stack разработчик на внутренние системы;https://novosibirsk.hh.ru/vacancy/82149860?from=vacancy_search_list&query=python
Руководитель отдела BI-аналитики;https://novosibirsk.hh.ru/vacancy/83570637?from=vacancy_search_list&query=python
Ведущий разработчик бэк-энда (NodeJS);https://novosibirsk.hh.ru/vacancy/83659332?from=vacancy_search_list&query=python
C++ разработчик алгоритмов геометрического моделирования;https://novosibirsk.hh.ru/vacancy/83981868?from=vacancy_search_list&query=python
Маркетинговый аналитик;https://novosibirsk.hh.ru/vacancy/84742603?from=vacancy_search_list&query=python
Data Engineer AI (удаленно);https://novosibirsk.hh.ru/vacancy/84091385?from=vacancy_search_list&query=python
Junior C++ разработчик алгоритмов геометрического моделирования;https://novosibirsk.hh.ru/vacancy/83981847?from=vacancy_search_list&query=python
Заместитель начальника отдела моделирования и риск-технологий (удаленно);https://novosibirsk.hh.ru/vacancy/83660864?from=vacancy_search_list&query=python
Программист C#;https://novosibirsk.hh.ru/vacancy/84823700?from=vacancy_search_list&query=python
Web/mobile аналитик сервиса Otello;https://novosibirsk.hh.ru/vacancy/84722633?from=vacancy_search_list&query=python
Product manager;https://novosibirsk.hh.ru/vacancy/78971090?from=vacancy_search_list&query=python
Maintainer of UNIX systems;https://novosibirsk.hh.ru/vacancy/81390018?from=vacancy_search_list&query=python
QA Engineer (VoIP);https://novosibirsk.hh.ru/vacancy/77570080?from=vacancy_search_list&query=python
Разработчик SQL;https://novosibirsk.hh.ru/vacancy/84375208?from=vacancy_search_list&query=python
Инженер по качеству (О2);https://novosibirsk.hh.ru/vacancy/84827083?from=vacancy_search_list&query=python
Ведущий инженер в отдел наукометрического анализа;https://novosibirsk.hh.ru/vacancy/84925775?from=vacancy_search_list&query=python
Преподаватель программирования;https://novosibirsk.hh.ru/vacancy/84774655?from=vacancy_search_list&query=python
DevOps / Системный администратор Linux (middle/senior);https://novosibirsk.hh.ru/vacancy/71595474?from=vacancy_search_list&query=python
QA Lead в команду Online;https://novosibirsk.hh.ru/vacancy/83949655?from=vacancy_search_list&query=python
Data Engineer;https://novosibirsk.hh.ru/vacancy/81693294?from=vacancy_search_list&query=python
Программист-тестировщик;https://novosibirsk.hh.ru/vacancy/83327404?from=vacancy_search_list&query=python
Инженер (техническая поддержка);https://novosibirsk.hh.ru/vacancy/77398786?from=vacancy_search_list&query=python
Сетевой инженер (направление ME);https://novosibirsk.hh.ru/vacancy/77570950?from=vacancy_search_list&query=python
Риск-аналитик;https://novosibirsk.hh.ru/vacancy/83994674?from=vacancy_search_list&query=python
Тестировщик программного обеспечения;https://novosibirsk.hh.ru/vacancy/76747159?from=vacancy_search_list&query=python
Ведущий инженер разработчик С++ под MacOS;https://novosibirsk.hh.ru/vacancy/84826854?from=vacancy_search_list&query=python
Инженер по автоматизации тестирования (О2);https://novosibirsk.hh.ru/vacancy/84823056?from=vacancy_search_list&query=python
DevOps инженер;https://novosibirsk.hh.ru/vacancy/84867084?from=vacancy_search_list&query=python
QA Automation Engineer (Senior), компиляторы;https://novosibirsk.hh.ru/vacancy/84780260?from=vacancy_search_list&query=python
PHP-разработчик;https://novosibirsk.hh.ru/vacancy/84399422?from=vacancy_search_list&query=python
Риск-технолог;https://novosibirsk.hh.ru/vacancy/84621992?from=vacancy_search_list&query=python
QA Automation Engineer (Senior);https://novosibirsk.hh.ru/vacancy/84780155?from=vacancy_search_list&query=python
Маркетолог-аналитик;https://novosibirsk.hh.ru/vacancy/84556357?from=vacancy_search_list&query=python
Специалист отдела валидации и риск-расчетов;https://novosibirsk.hh.ru/vacancy/82823398?from=vacancy_search_list&query=python
Системный аналитик (Middle+/Senior);https://novosibirsk.hh.ru/vacancy/83980791?from=vacancy_search_list&query=python
Junior Data Scientist (Стажер);https://novosibirsk.hh.ru/vacancy/83678529?from=vacancy_search_list&query=python
Автотестировщик;https://novosibirsk.hh.ru/vacancy/84625406?from=vacancy_search_list&query=python
Программист 1С;https://novosibirsk.hh.ru/vacancy/83265452?from=vacancy_search_list&query=python
Data Engineer;https://novosibirsk.hh.ru/vacancy/77407716?from=vacancy_search_list&query=python
Инженер по тестированию (mobile);https://novosibirsk.hh.ru/vacancy/71047831?from=vacancy_search_list&query=python
Ведущий эксперт (сопровождение систем SOC);https://novosibirsk.hh.ru/vacancy/84244467?from=vacancy_search_list&query=python
Data Scientist (Middle+/Senior);https://novosibirsk.hh.ru/vacancy/84570155?from=vacancy_search_list&query=python
Разработчик информационных систем;https://novosibirsk.hh.ru/vacancy/82948782?from=vacancy_search_list&query=python
Системный администратор Linux;https://novosibirsk.hh.ru/vacancy/84484404?from=vacancy_search_list&query=python
Технический писатель со знанием IT;https://novosibirsk.hh.ru/vacancy/84569620?from=vacancy_search_list&query=python
Team Lead Backend C++ в сервис Транспорта;https://novosibirsk.hh.ru/vacancy/78525343?from=vacancy_search_list&query=python
Инженер математического моделирования;https://novosibirsk.hh.ru/vacancy/83952145?from=vacancy_search_list&query=python
Главный риск-менеджер;https://novosibirsk.hh.ru/vacancy/83041887?from=vacancy_search_list&query=python
Data Engineer;https://novosibirsk.hh.ru/vacancy/76703124?from=vacancy_search_list&query=python
Data-инженер / BI-аналитик;https://novosibirsk.hh.ru/vacancy/83251190?from=vacancy_search_list&query=python
Инженер по прикладному сопровождению (3-я линия поддержки);https://novosibirsk.hh.ru/vacancy/84260912?from=vacancy_search_list&query=python
Lead data scientist;https://novosibirsk.hh.ru/vacancy/82632615?from=vacancy_search_list&query=python
DevOps engineer (SberBrowser);https://novosibirsk.hh.ru/vacancy/84625586?from=vacancy_search_list&query=python
Эксперт 2 линии SOC;https://novosibirsk.hh.ru/vacancy/84244465?from=vacancy_search_list&query=python
Ведущий специалист ИБ;https://novosibirsk.hh.ru/vacancy/84330540?from=vacancy_search_list&query=python
Разработчик систем мониторинга / администратор Linux;https://novosibirsk.hh.ru/vacancy/81319347?from=vacancy_search_list&query=python
Преподаватель кибербезопасности;https://novosibirsk.hh.ru/vacancy/84046534?from=vacancy_search_list&query=python
IT-рекрутер;https://novosibirsk.hh.ru/vacancy/84244765?from=vacancy_search_list&query=python
DevOps–инженер (Инфраструктурная команда);https://novosibirsk.hh.ru/vacancy/82088582?from=vacancy_search_list&query=python
Инженер внедрения;https://novosibirsk.hh.ru/vacancy/81910137?from=vacancy_search_list&query=python
Руководитель направления разработки;https://novosibirsk.hh.ru/vacancy/84014782?from=vacancy_search_list&query=python
Инженер по автоматизации (DevOps);https://novosibirsk.hh.ru/vacancy/84402983?from=vacancy_search_list&query=python
Главный инженер Linux;https://novosibirsk.hh.ru/vacancy/82663070?from=vacancy_search_list&query=python
Эксперт 1 линии SOC;https://novosibirsk.hh.ru/vacancy/72211297?from=vacancy_search_list&query=python
Инженер сопровождения;https://novosibirsk.hh.ru/vacancy/83609404?from=vacancy_search_list&query=python
IT Researcher / Sourcer;https://novosibirsk.hh.ru/vacancy/84061421?from=vacancy_search_list&query=python
Руководитель отдела разработки Баз Данных;https://novosibirsk.hh.ru/vacancy/83124599?from=vacancy_search_list&query=python
Проектный менеджер;https://novosibirsk.hh.ru/vacancy/83995253?from=vacancy_search_list&query=python
Middle/Senior C++ разработчик в Поиск;https://novosibirsk.hh.ru/vacancy/82158382?from=vacancy_search_list&query=python
Технический писатель;https://novosibirsk.hh.ru/vacancy/81843133?from=vacancy_search_list&query=python
Сетевой инженер;https://novosibirsk.hh.ru/vacancy/82598734?from=vacancy_search_list&query=python
Старший сетевой инженер;https://novosibirsk.hh.ru/vacancy/82598737?from=vacancy_search_list&query=python
Архитектор информационных систем (ERP);https://novosibirsk.hh.ru/vacancy/84083984?from=vacancy_search_list&query=python
Senior .Net Developer;https://novosibirsk.hh.ru/vacancy/84285883?from=vacancy_search_list&query=python
Инженер-системотехник;https://novosibirsk.hh.ru/vacancy/84022015?from=vacancy_search_list&query=python
Педагог (наставник) школы программирования;https://novosibirsk.hh.ru/vacancy/84000155?from=vacancy_search_list&query=python
QA mobile / Инженер по тестированию (manual/auto) в Тинькофф Мобильный Банк;https://novosibirsk.hh.ru/vacancy/76266216?from=vacancy_search_list&query=python
Продуктовый аналитик в команду лояльности;https://novosibirsk.hh.ru/vacancy/83607990?from=vacancy_search_list&query=python
IT Project Manager / Руководитель IT - проектов;https://novosibirsk.hh.ru/vacancy/84164508?from=vacancy_search_list&query=python
Java-разработчик в Layer Service;https://novosibirsk.hh.ru/vacancy/83647572?from=vacancy_search_list&query=python
Ведущий инженер Linux;https://novosibirsk.hh.ru/vacancy/82308567?from=vacancy_search_list&query=python
Разработчик Oracle (PL/SQL);https://novosibirsk.hh.ru/vacancy/82091104?from=vacancy_search_list&query=python
